Title,Date & Time,Summary,Article,Annotated_Summary,Generated_Summary
"In Bihar, Ganga water has not conformed to faecal coliform levels at 34 sites, state pollution control board tells NGT","March 19, 2025 3:11 pm","The Central Pollution Control Board had submitted to the National Green Tribunal that faecal coliform levels in the Ganga water at the Sangam during the Mahakumbh were higher than permissible limits, making it unfit for bathing.","In Bihar, Ganga water has not conformed to faecal coliform levels at 34 sites, state pollution control board tells NGT. The Central Pollution Control Board had submitted to the National Green Tribunal that faecal coliform levels in the Ganga water at the Sangam during the Mahakumbh were higher than permissible limits, making it unfit for bathing.","The Central Pollution Control Board had submitted to the National Green Tribunal that faecal coliform levels in the Ganga water at the Sangam during the Mahakumbh were higher than permissible limits, making it unfit for bathing.","The Central Pollution Control Board had submitted to the National Green Tribunal that faecal coliform levels in the Ganga water at the Sangam during the Mahakumbh were higher than permissible limits, making it unfit for bathing."
Maha Kumbh awakened nation like Dandi; Opposition questions silence on stampede: PM Modi,"March 19, 2025 1:01 am",He also said that the successful conduct of the religious event gave a fitting response to doubts and uncertainties that some may have had regarding Indias collective strength.,Maha Kumbh awakened nation like Dandi; Opposition questions silence on stampede: PM Modi. He also said that the successful conduct of the religious event gave a fitting response to doubts and uncertainties that some may have had regarding Indias collective strength.,He also said that the successful conduct of the religious event gave a fitting response to doubts and uncertainties that some may have had regarding Indias collective strength.,Maha Kumbh awakened nation like Dandi; Opposition questions silence on stampede: PM Modi. He also said that the successful conduct of the religious event gave a fitting response to doubts and uncertainties that some may have had regarding Indias collective strength.
Ganga water was fit for bathing during Mahakumbh: Govt tells Parliament,"March 10, 2025 7:40 pm",A report dated February 3 had said the water at several locations in Prayagraj during the Maha Kumbh did not meet the primary bathing water quality standard due to high faecal coliform levels.,Ganga water was fit for bathing during Mahakumbh: Govt tells Parliament. A report dated February 3 had said the water at several locations in Prayagraj during the Maha Kumbh did not meet the primary bathing water quality standard due to high faecal coliform levels.,A report dated February 3 had said the water at several locations in Prayagraj during the Maha Kumbh did not meet the primary bathing water quality standard due to high faecal coliform levels.,A report dated February 3 had said the water at several locations in Prayagraj during the Maha Kumbh did not meet the primary bathing water quality standard due to high faecal coliform levels.
Boatman who earned 30 crore during Mahakumbh sold family jewellery: Report,"March 06, 2025 6:46 pm",The story gained national attention after Uttar Pradesh Chief Minister Yogi Adityanath cited Mahras journey as an example of the economic opportunities created by the Mahakumbh.,Boatman who earned 30 crore during Mahakumbh sold family jewellery: Report. The story gained national attention after Uttar Pradesh Chief Minister Yogi Adityanath cited Mahras journey as an example of the economic opportunities created by the Mahakumbh.,The story gained national attention after Uttar Pradesh Chief Minister Yogi Adityanath cited Mahras journey as an example of the economic opportunities created by the Mahakumbh.,The story gained national attention after Uttar Pradesh Chief Minister Yogi Adityanath cited Mahras journey as an example of the economic opportunities created by the Mahakumbh.
"Boat-owning family in UP raked in Rs 30 crore in 45 days of Mahakumbh, claims Yogi Adityanath","March 06, 2025 5:50 am","According to Yogi Adityanath, the Mahra family, operators of 130 boats, generated between Rs 50,000 and 52,000 per boat each day throughout the festival.","Boat-owning family in UP raked in Rs 30 crore in 45 days of Mahakumbh, claims Yogi Adityanath. According to Yogi Adityanath, the Mahra family, operators of 130 boats, generated between Rs 50,000 and 52,000 per boat each day throughout the festival.","According to Yogi Adityanath, the Mahra family, operators of 130 boats, generated between Rs 50,000 and 52,000 per boat each day throughout the festival.","According to Yogi Adityanath, the Mahra family, operators of 130 boats, generated between Rs 50,000 and 52,000 per boat each day throughout the festival. The Mahra family, operators of 130 boats, generated between Rs 50,000 and 52,000 per boat each day throughout the festival."
Miyawaki method at Mahakumbh 2025: How the afforestation technique works,"March 04, 2025 1:34 pm","With the stated aim of curbing pollution, the Uttar Pradesh government employed the Miyawaki method in Prayagraj. Why has it become popular in many parts of the world, and received criticism from some conservationists?","Miyawaki method at Mahakumbh 2025: How the afforestation technique works. With the stated aim of curbing pollution, the Uttar Pradesh government employed the Miyawaki method in Prayagraj. Why has it become popular in many parts of the world, and received criticism from some conservationists?","With the stated aim of curbing pollution, the Uttar Pradesh government employed the Miyawaki method in Prayagraj. Why has it become popular in many parts of the world, and received criticism from some conservationists?","With the stated aim of curbing pollution, the Uttar Pradesh government employed the Miyawaki method in Prayagraj. Why has it become popular in many parts of the world, and received criticism from some conservationists?"
Raveena Tandon slams men for recording Katrina Kaif during her holy dip at Maha Kumbh: Disgusting,"March 02, 2025 3:52 pm","Shortly after Katrina Kaif's visit, a video began circulating on social media showing a group of men secretly recording the Namastey London actor without her consent while making inappropriate comments.","Raveena Tandon slams men for recording Katrina Kaif during her holy dip at Maha Kumbh: Disgusting. Shortly after Katrina Kaif's visit, a video began circulating on social media showing a group of men secretly recording the Namastey London actor without her consent while making inappropriate comments.","Shortly after Katrina Kaif's visit, a video began circulating on social media showing a group of men secretly recording the Namastey London actor without her consent while making inappropriate comments.","Shortly after Katrina Kaif's visit, a video began circulating on social media showing a group of men secretly recording the Namastey London actor without her consent while making inappropriate comments."
Narendra Modi writes: A Mahakumbh for New India,"February 28, 2025 1:06 pm",We must use the energy of the last 45 days in Prayagraj to dedicate ourselves to Viksit Bharat,Narendra Modi writes: A Mahakumbh for New India. We must use the energy of the last 45 days in Prayagraj to dedicate ourselves to Viksit Bharat,We must use the energy of the last 45 days in Prayagraj to dedicate ourselves to Viksit Bharat,Narendra Modi writes: A Mahakumbh for New India. We must use the energy of the last 45 days in Prayagraj to dedicate ourselves to Viksit Bharat
"'I seek forgiveness for any shortcomings,' PM Modi writes in blog as Maha Kumbh concludes","February 27, 2025 9:20 pm","PM Modi offered an apology to ""Mother Ganga, Mother Yamuna, and Mother Saraswati,"" as well as to the people, whom he described as ""an embodiment of divinity,"" for any shortcomings in their efforts to serve them.","'I seek forgiveness for any shortcomings,' PM Modi writes in blog as Maha Kumbh concludes. PM Modi offered an apology to ""Mother Ganga, Mother Yamuna, and Mother Saraswati,"" as well as to the people, whom he described as ""an embodiment of divinity,"" for any shortcomings in their efforts to serve them.","PM Modi offered an apology to ""Mother Ganga, Mother Yamuna, and Mother Saraswati,"" as well as to the people, whom he described as ""an embodiment of divinity,"" for any shortcomings in their efforts to serve them.","PM Modi offered an apology to ""Mother Ganga, Mother Yamuna, and Mother Saraswati,"" as well as to the people, whom he described as ""an embodiment of divinity,"" for any shortcomings in their efforts to serve them."
"How Opposition fell short on Maha Kumbh narrative: Absent Gandhis; Mamata, Lalus remarks","February 28, 2025 8:01 am","Many in the Opposition, including the Congress, believe the criticism of the Centre and the UP government on how the Mela was managed were in order. But the criticism, perhaps, should have been nuanced, they added.","How Opposition fell short on Maha Kumbh narrative: Absent Gandhis; Mamata, Lalus remarks. Many in the Opposition, including the Congress, believe the criticism of the Centre and the UP government on how the Mela was managed were in order. But the criticism, perhaps, should have been nuanced, they added.","Many in the Opposition, including the Congress, believe the criticism of the Centre and the UP government on how the Mela was managed were in order. But the criticism, perhaps, should have been nuanced, they added.","Many in the Opposition, including the Congress, believe the criticism of the Centre and the UP government on how the Mela was managed were in order. But the criticism, perhaps, should have been nuanced, they added."
Himachal Pradesh DGP prisons brings Mahakumbh to prisoners through water from Triveni Sangam,"February 27, 2025 6:45 pm",Over 100 inmates in two prisons participate in Rudrabhishek; jail administration plans more spiritual events.,Himachal Pradesh DGP prisons brings Mahakumbh to prisoners through water from Triveni Sangam. Over 100 inmates in two prisons participate in Rudrabhishek; jail administration plans more spiritual events.,Over 100 inmates in two prisons participate in Rudrabhishek; jail administration plans more spiritual events.,Over 100 inmates in two prisons participate in Rudrabhishek; jail administration plans more spiritual events. Inmates in two prisons participate in Rudrabhishek; jail administration plans more spiritual events.
Maha Kumbh was like a nation breathing with a new consciousness: PM Modi,"February 27, 2025 1:40 pm","The prime minister offered apology to ""Mother Ganga, Mother Yamuna, Mother Saraswati"" as well as people, who he said are a form of God to him, for any shortcoming in the services rendered.","Maha Kumbh was like a nation breathing with a new consciousness: PM Modi. The prime minister offered apology to ""Mother Ganga, Mother Yamuna, Mother Saraswati"" as well as people, who he said are a form of God to him, for any shortcoming in the services rendered.","The prime minister offered apology to ""Mother Ganga, Mother Yamuna, Mother Saraswati"" as well as people, who he said are a form of God to him, for any shortcoming in the services rendered.","The prime minister offered apology to ""Mother Ganga, Mother Yamuna, Mother Saraswati"" as well as people, who he said are a form of God to him, for any shortcoming in the services rendered."
"Shark Tank judge Ritesh Agarwal visits Mahakumbh Mela 2025 with son, shares how childhood visit inspired him to start OYO","February 27, 2025 12:11 pm","In a now-viral video, Agarwal shared how he came to a Kumbh Mela in early 2000s and stayed at a distant relative's place.","Shark Tank judge Ritesh Agarwal visits Mahakumbh Mela 2025 with son, shares how childhood visit inspired him to start OYO. In a now-viral video, Agarwal shared how he came to a Kumbh Mela in early 2000s and stayed at a distant relative's place.","In a now-viral video, Agarwal shared how he came to a Kumbh Mela in early 2000s and stayed at a distant relative's place.","In a now-viral video, Agarwal shared how he came to a Kumbh Mela in early 2000s and stayed at a distant relative's place."
"Gopi Bahu in Prayagraj: Woman at Mahakumbh video calls husband, dips mobile phone to give him 'snan'","February 26, 2025 1:18 pm",The Uttar Pradesh government announced on Saturday that a record 60 crore devotees have taken a holy dip at the Triveni Sangam.,"Gopi Bahu in Prayagraj: Woman at Mahakumbh video calls husband, dips mobile phone to give him 'snan'. The Uttar Pradesh government announced on Saturday that a record 60 crore devotees have taken a holy dip at the Triveni Sangam.",The Uttar Pradesh government announced on Saturday that a record 60 crore devotees have taken a holy dip at the Triveni Sangam.,"In Prayagraj: Woman at Mahakumbh video calls husband, dips mobile phone to give him 'snan' The Uttar Pradesh government announced on Saturday that a record 60 crore devotees have taken a holy dip at the Triveni Sangam."
Noida housing society residents create makeshift Sangam in swimming pool with Mahakumbh water. Watch,"February 25, 2025 2:26 pm",The viral video shows several women gathered near the societys pool and pouring the Sangam water.,Noida housing society residents create makeshift Sangam in swimming pool with Mahakumbh water. Watch. The viral video shows several women gathered near the societys pool and pouring the Sangam water.,The viral video shows several women gathered near the societys pool and pouring the Sangam water.,Watch. The viral video shows several women gathered near the societys pool and pouring the Sangam water. The viral video shows several women gathered near the societys pool and pouring the Sangam water.
"'Atheism provides a different lens to understand philosophy and life': Amish Tripathi on India's mythology, faith, traditions","February 24, 2025 4:30 pm","In this exclusive interview, Amish Tripathi discusses his writing journey, the intersection of mythology and history, and the evolution of faith, culture, and storytelling in India.","'Atheism provides a different lens to understand philosophy and life': Amish Tripathi on India's mythology, faith, traditions. In this exclusive interview, Amish Tripathi discusses his writing journey, the intersection of mythology and history, and the evolution of faith, culture, and storytelling in India.","In this exclusive interview, Amish Tripathi discusses his writing journey, the intersection of mythology and history, and the evolution of faith, culture, and storytelling in India.","Amish Tripathi on India's mythology, faith, traditions In this exclusive interview, Amish Tripathi discusses his writing journey, the intersection of mythology and history, and the evolution of faith, culture, and storytelling in India."
Massive rush of devotees at Ayodhya's Shri Ram Janmabhoomi temple after Mahakumbh Mela visit. Watch,"February 23, 2025 2:49 pm",The video shows devotees carrying luggage on their backs and heads as they climb the stairs leading to the main temple.,Massive rush of devotees at Ayodhya's Shri Ram Janmabhoomi temple after Mahakumbh Mela visit. Watch. The video shows devotees carrying luggage on their backs and heads as they climb the stairs leading to the main temple.,The video shows devotees carrying luggage on their backs and heads as they climb the stairs leading to the main temple.,The video shows devotees carrying luggage on their backs and heads as they climb the stairs leading to the main temple. The video shows devotees carrying luggage on their backs and heads as they climb the stairs leading to the main temple.
60 crore devotees have taken holy dip at Maha Kumbh: UP govt,"February 22, 2025 6:54 pm","This number is expected to surpass 65 crore by the final amrit snan on February 26, an official statement said.","60 crore devotees have taken holy dip at Maha Kumbh: UP govt. This number is expected to surpass 65 crore by the final amrit snan on February 26, an official statement said.","This number is expected to surpass 65 crore by the final amrit snan on February 26, an official statement said.","This number is expected to surpass 65 crore by the final amrit snan on February 26, an official statement said. 'This number is expected to surpass 65 crore by the final amrit snan on February 26,'"
"Artificial immersion: Man offers digital snan at Mahakumbh Mela 2025 for Rs 1,100; sparks hilarious reactions","February 22, 2025 12:15 pm","People can send their photos via WhatsApp, and Deepak Goyal prints and immerses them in the sacred Sangam, offering a digital snan.","Artificial immersion: Man offers digital snan at Mahakumbh Mela 2025 for Rs 1,100; sparks hilarious reactions. People can send their photos via WhatsApp, and Deepak Goyal prints and immerses them in the sacred Sangam, offering a digital snan.","People can send their photos via WhatsApp, and Deepak Goyal prints and immerses them in the sacred Sangam, offering a digital snan.","Deepak Goyal prints and immerses them in the sacred Sangam, offering a digital snan. People can send their photos via WhatsApp, and Deepak Goyal prints and immerses them in the sacred Sangam, offering a digital snan."
"Mahakumbh rush: UP Board postpones Feb 24 exams for high school, intermediate students in Prayagraj to March 9","February 22, 2025 11:37 am","In all other districts of Uttar Pradesh, the high school and intermediate exams will be held on February 24, a statement issued by the UP Madhyamik Shiksha Parishad said.","Mahakumbh rush: UP Board postpones Feb 24 exams for high school, intermediate students in Prayagraj to March 9. In all other districts of Uttar Pradesh, the high school and intermediate exams will be held on February 24, a statement issued by the UP Madhyamik Shiksha Parishad said.","In all other districts of Uttar Pradesh, the high school and intermediate exams will be held on February 24, a statement issued by the UP Madhyamik Shiksha Parishad said.","In all other districts of Uttar Pradesh, the high school and intermediate exams will be held on February 24, a statement issued by the UP Madhyamik Shiksha Parishad said."
"As Pune-Prayagraj flight rates soar, 60% correction expected post Maha Kumbh","February 20, 2025 5:52 pm","Airlines, which had increased fares to accommodate the surge of pilgrims, are now set to normalise rates as demand drops post-Maha Kumbh.","As Pune-Prayagraj flight rates soar, 60% correction expected post Maha Kumbh. Airlines, which had increased fares to accommodate the surge of pilgrims, are now set to normalise rates as demand drops post-Maha Kumbh.","Airlines, which had increased fares to accommodate the surge of pilgrims, are now set to normalise rates as demand drops post-Maha Kumbh.","As Pune-Prayagraj flight rates soar, 60% correction expected post Maha Kumbh. Airlines, which had increased fares to accommodate the surge of pilgrims, are now set to normalise rates as demand drops post-Maha Kumbh."
"Grammy-winning musician Ricky Kej releases Mahakumbh anthem, fans react: 'Sacred sounds, pure bliss'","February 20, 2025 4:32 pm","The songs central line, ""Ek mein anek, Mahakumbh aake dekh,"" captures the spirit of the world's largest religious congregation.","Grammy-winning musician Ricky Kej releases Mahakumbh anthem, fans react: 'Sacred sounds, pure bliss'. The songs central line, ""Ek mein anek, Mahakumbh aake dekh,"" captures the spirit of the world's largest religious congregation.","The songs central line, ""Ek mein anek, Mahakumbh aake dekh,"" captures the spirit of the world's largest religious congregation.","The songs central line, ""Ek mein anek, Mahakumbh aake dekh,"" captures the spirit of the world's largest religious congregation ."
Solving Crime: How Mumbai police caught gang behind fake website offering helicopter rides at Mahakumbh,"February 20, 2025 1:16 pm","Three men from Bihar were arrested for allegedly cheating people by creating fake websites offering helicopter rides during the Mahakumbh in Prayagraj, Uttar Pradesh.","Solving Crime: How Mumbai police caught gang behind fake website offering helicopter rides at Mahakumbh. Three men from Bihar were arrested for allegedly cheating people by creating fake websites offering helicopter rides during the Mahakumbh in Prayagraj, Uttar Pradesh.","Three men from Bihar were arrested for allegedly cheating people by creating fake websites offering helicopter rides during the Mahakumbh in Prayagraj, Uttar Pradesh.","Three men from Bihar were arrested for allegedly cheating people by creating fake websites offering helicopter rides during the Mahakumbh in Prayagraj, Uttar Pradesh. The three men from Bihar were arrested for allegedly cheating people by creating fake websites offering helicopter rides during the Mahakumbh."
"In a first, a Nihang faction participates in Shahi Snan at Mahakumbh","February 19, 2025 10:38 pm","Of the 13 akharas at the Mahakumbh, three are tied to Sikhism and have long been associated with the mega religious gathering.","In a first, a Nihang faction participates in Shahi Snan at Mahakumbh. Of the 13 akharas at the Mahakumbh, three are tied to Sikhism and have long been associated with the mega religious gathering.","Of the 13 akharas at the Mahakumbh, three are tied to Sikhism and have long been associated with the mega religious gathering.","In a first, a Nihang faction participates in Shahi Snan at Mahakumbh. Of the 13 akharas at the Mahakumbh, three are tied to Sikhism and have long been associated with the mega religious gathering."
'Playing with faith of 56 crore people': UP CM Yogi Adityanath questions politicisation of Mahakumbh deaths,"February 19, 2025 4:15 pm",UP CM Yogi Adityanath also conveyed his sympathies with the people who lost their lives in events related to the Kumbh.,'Playing with faith of 56 crore people': UP CM Yogi Adityanath questions politicisation of Mahakumbh deaths. UP CM Yogi Adityanath also conveyed his sympathies with the people who lost their lives in events related to the Kumbh.,UP CM Yogi Adityanath also conveyed his sympathies with the people who lost their lives in events related to the Kumbh.,'Playing with faith of 56 crore people': UP CM Yogi Adityanath also conveyed his sympathies with the people who lost their lives in events related to the Kumbh.
"NGT says UP report on Ganga water quality during Kumbh lacks details, days after CPCB flagged that faecal coliform levels were high","February 20, 2025 2:23 am","NGT's Sangam Water Report Update: UPs Additional Advocate General says states pollution control board will examine CPCB report, take action to improve water quality","NGT says UP report on Ganga water quality during Kumbh lacks details, days after CPCB flagged that faecal coliform levels were high. NGT's Sangam Water Report Update: UPs Additional Advocate General says states pollution control board will examine CPCB report, take action to improve water quality","NGT's Sangam Water Report Update: UPs Additional Advocate General says states pollution control board will examine CPCB report, take action to improve water quality","NGT says UP report on Ganga water quality during Kumbh lacks details, days after CPCB flagged that faecal coliform levels were high."
"Vijay Deverakonda takes a holy dip at Mahakumbh, shares pictures: 'Saying prayers with mummy dearest'","February 17, 2025 7:56 pm",Vijay Deverakonda took to his Instagram handle to share glimpses of his sacred dip at theTriveni Sangam in Prayagraj.,"Vijay Deverakonda takes a holy dip at Mahakumbh, shares pictures: 'Saying prayers with mummy dearest'. Vijay Deverakonda took to his Instagram handle to share glimpses of his sacred dip at theTriveni Sangam in Prayagraj.",Vijay Deverakonda took to his Instagram handle to share glimpses of his sacred dip at theTriveni Sangam in Prayagraj.,Vijay Deverakonda took to his Instagram handle to share glimpses of his sacred dip at theTriveni Sangam in Prayagraj . 'Saying prayers with mummy dearest'
"Watch: After Delhi stampede, chaos at Bengals Asansol railway station as devotees rush for train to Mahakumbh","February 17, 2025 4:07 pm","The viral footage shows a large number of devotees rushing to the platform at Asansol railway station to board trains to Prayagraj, UP.","Watch: After Delhi stampede, chaos at Bengals Asansol railway station as devotees rush for train to Mahakumbh. The viral footage shows a large number of devotees rushing to the platform at Asansol railway station to board trains to Prayagraj, UP.","The viral footage shows a large number of devotees rushing to the platform at Asansol railway station to board trains to Prayagraj, UP.","The viral footage shows a large number of devotees rushing to the platform at Asansol railway station to board trains to Prayagraj, UP. The footage shows a large number of devotees rushing"
"'CCTV footage secured, witnesses called': Railways high-level committee begins probe into stampede at New Delhi Railway Station","February 16, 2025 1:31 pm",The inspection was carried out on platform 14 of the railway station in the national capital which is where the Prayagraj Express was stationed leading to a surge of passengers.,"'CCTV footage secured, witnesses called': Railways high-level committee begins probe into stampede at New Delhi Railway Station. The inspection was carried out on platform 14 of the railway station in the national capital which is where the Prayagraj Express was stationed leading to a surge of passengers.",The inspection was carried out on platform 14 of the railway station in the national capital which is where the Prayagraj Express was stationed leading to a surge of passengers.,Railways high-level committee begins probe into stampede at New Delhi Railway Station. The inspection was carried out on platform 14 of the railway station in the national capital which is where the Prayagraj Express was stationed leading to a surge of passengers.
"Had told her not to go: Amidst tears and anguish, families mourn victims of stampede at New Delhi Railway Station","February 17, 2025 2:26 am","At Delhi's Lok Nayak hospital, senior leaders, including Delhis Lieutenant Governor VK Saxena and former Chief Minister Atishi, arrived to take stock of the situation.","Had told her not to go: Amidst tears and anguish, families mourn victims of stampede at New Delhi Railway Station. At Delhi's Lok Nayak hospital, senior leaders, including Delhis Lieutenant Governor VK Saxena and former Chief Minister Atishi, arrived to take stock of the situation.","At Delhi's Lok Nayak hospital, senior leaders, including Delhis Lieutenant Governor VK Saxena and former Chief Minister Atishi, arrived to take stock of the situation.","At Delhi's Lok Nayak hospital, senior leaders, including Delhis Lieutenant Governor VK Saxena and former Chief Minister Atishi, arrived to take stock of the situation."
"Mahakumbh viral sensation 'Mona Lisa' inaugurates Boby Chemmanur's jewellery in Kerala, dances with him","February 15, 2025 1:57 pm",Mona Lisa became an overnight sensation for her 'looks' after being spotted at Mahakumbh Mela 2025.,"Mahakumbh viral sensation 'Mona Lisa' inaugurates Boby Chemmanur's jewellery in Kerala, dances with him. Mona Lisa became an overnight sensation for her 'looks' after being spotted at Mahakumbh Mela 2025.",Mona Lisa became an overnight sensation for her 'looks' after being spotted at Mahakumbh Mela 2025.,"Mona Lisa became an overnight sensation for her 'looks' after being spotted at Mahakumbh Mela 2025. 'Mona Lisa' inaugurates Boby Chemmanur's jewellery in Kerala, dances with him."
"In sea of Kumbh visitors, police have tall order: Identify womans body unclaimed since Jan 29 stampede","February 14, 2025 3:33 pm","Officials are looking at CCTVs, putting up posters and liaisoning with neighbouring states for any clues on her identity","In sea of Kumbh visitors, police have tall order: Identify womans body unclaimed since Jan 29 stampede. Officials are looking at CCTVs, putting up posters and liaisoning with neighbouring states for any clues on her identity","Officials are looking at CCTVs, putting up posters and liaisoning with neighbouring states for any clues on her identity","Officials are looking at CCTVs, putting up posters and liaisoning with neighbouring states for any clues on her identity . Officials are looking at CCTVs, posters and liaisoning with neighbouring states for any clues on her identity"
"Day after Maghi Purnima Snan at Maha Kumbh: Main rituals over, crowds start thinning","February 14, 2025 4:04 am","After akharas, 10 lakh kalpvasis begin to leave Mela area for their homes","Day after Maghi Purnima Snan at Maha Kumbh: Main rituals over, crowds start thinning. After akharas, 10 lakh kalpvasis begin to leave Mela area for their homes","After akharas, 10 lakh kalpvasis begin to leave Mela area for their homes","After akharas, 10 lakh kalpvasis begin to leave Mela area for their homes. After akharas, 10 lakh kalpvasis begin to leave Mela area for their homes."
Why are Sikhs taking holy dips at Mahakumbh?,"February 14, 2025 10:49 pm",Three of the 13 akharas at the ongoing Mahakumbh are associated with Sikhism.,Why are Sikhs taking holy dips at Mahakumbh?. Three of the 13 akharas at the ongoing Mahakumbh are associated with Sikhism.,Three of the 13 akharas at the ongoing Mahakumbh are associated with Sikhism.,Why are Sikhs taking holy dips at Mahakumbh?. Three of the 13 akharas at the ongoing Mahakumbh are associated with Sikhism.
WATCH: Chaos erupts at Patna Junction as Mahakumbh devotees attempt to board train,"February 12, 2025 3:14 pm",The video shows several passengers struggling to board the train.,WATCH: Chaos erupts at Patna Junction as Mahakumbh devotees attempt to board train. The video shows several passengers struggling to board the train.,The video shows several passengers struggling to board the train.,The video shows several passengers struggling to board the train. The video shows several passengers struggling to board the train. The video shows several passengers struggling to board the train. The video shows several passengers struggling to board the train.
Maha Kumbh: Millions gather for Maghi Purnima 'snan' amid elaborate arrangements,"February 12, 2025 7:53 am","CM Adityanath is taking regular updates on the 'Snan' at Sangam, from the war room set up at his official residence in Lucknow.","Maha Kumbh: Millions gather for Maghi Purnima 'snan' amid elaborate arrangements. CM Adityanath is taking regular updates on the 'Snan' at Sangam, from the war room set up at his official residence in Lucknow.","CM Adityanath is taking regular updates on the 'Snan' at Sangam, from the war room set up at his official residence in Lucknow.","Millions gather for Maghi Purnima 'snan' amid elaborate arrangements. CM Adityanath is taking regular updates on the 'Snan' at Sangam, from the war room set up at his official residence in Lucknow."
"B Praak cancels Ranveer Allahbadias podcast, little boys hilarious plea to tiger and more: Top 5 viral videos","February 11, 2025 6:41 pm","From chaos at a Bihar railway station to a 'karaoke' autorickshaw in Mumbai, a look at the top five viral videos of the day.","B Praak cancels Ranveer Allahbadias podcast, little boys hilarious plea to tiger and more: Top 5 viral videos. From chaos at a Bihar railway station to a 'karaoke' autorickshaw in Mumbai, a look at the top five viral videos of the day.","From chaos at a Bihar railway station to a 'karaoke' autorickshaw in Mumbai, a look at the top five viral videos of the day.","From chaos at a Bihar railway station to a 'karaoke' autorickshaw in Mumbai, a look at the top five viral videos of the day ."
"Unable to board train to Mahakumbh, pilgrims vandalise coaches in Bihar","February 11, 2025 12:31 pm","The clip shows the trains windowpane falling on the passengers, sparking a heated argument between those inside and the group on the railway station platform in Bihars Madhubhani.","Unable to board train to Mahakumbh, pilgrims vandalise coaches in Bihar. The clip shows the trains windowpane falling on the passengers, sparking a heated argument between those inside and the group on the railway station platform in Bihars Madhubhani.","The clip shows the trains windowpane falling on the passengers, sparking a heated argument between those inside and the group on the railway station platform in Bihars Madhubhani.","The clip shows the trains windowpane falling on the passengers, sparking a heated argument between those inside and the group on the railway station platform in Bihars Madhubhani."
"At crowded Sangam, devotees opt illegal motorcycle services to commute","February 11, 2025 8:59 am","At present, two groups of motorcyclists are operating one ferries visitors from parking lots on the citys outskirts to the Kumbh gates, while the other shuttles pilgrims within the Kumbh area, charging for rides to the ghats and Sangam nose.","At crowded Sangam, devotees opt illegal motorcycle services to commute. At present, two groups of motorcyclists are operating one ferries visitors from parking lots on the citys outskirts to the Kumbh gates, while the other shuttles pilgrims within the Kumbh area, charging for rides to the ghats and Sangam nose.","At present, two groups of motorcyclists are operating one ferries visitors from parking lots on the citys outskirts to the Kumbh gates, while the other shuttles pilgrims within the Kumbh area, charging for rides to the ghats and Sangam nose.","At crowded Sangam devotees opt illegal motorcycle services to commute. At present, two groups of motorcyclists are operating one ferries visitors from parking lots on the citysoutskirts to the Kumbh gates, while the other shuttles pilgrims within the Kumbh area, charging for rides to the ghats and Sangam nose."
Watch: Never-ending traffic jam restricts devotees as vehicles remain stuck for hours at Mahakumbh,"February 10, 2025 12:25 pm",Several people raised concerns about the management of Mahakumbh by the Yogi Adityanath-led government.,Watch: Never-ending traffic jam restricts devotees as vehicles remain stuck for hours at Mahakumbh. Several people raised concerns about the management of Mahakumbh by the Yogi Adityanath-led government.,Several people raised concerns about the management of Mahakumbh by the Yogi Adityanath-led government.,Watch: Never-ending traffic jam restricts devotees as vehicles remain stuck for hours at Mahakumbh. Several people raised concerns about the management of Mahakumbh by the Yogi Adityanath-led government.
"President Murmu to visit Maha Kumbh Mela on Monday, take holy dip at Sangam","February 09, 2025 4:51 pm","During her day-long visit to Prayagraj, the President will take holy dip and perform Pooja at Sangam,"" says an official statement by Rashtrapati Bhavan.","President Murmu to visit Maha Kumbh Mela on Monday, take holy dip at Sangam. During her day-long visit to Prayagraj, the President will take holy dip and perform Pooja at Sangam,"" says an official statement by Rashtrapati Bhavan.","During her day-long visit to Prayagraj, the President will take holy dip and perform Pooja at Sangam,"" says an official statement by Rashtrapati Bhavan.","During her day-long visit to Prayagraj, the President will take holy dip and perform Pooja at Sangam,"" says an official statement by Rashtrapati Bhavan."
"Babas play cricket at Mahakumbh Mela 2025, video goes viral","February 07, 2025 1:29 pm","Dressed in traditional attire, the babas at the Mahakumbh can be seen effortlessly smashing boundaries.","Babas play cricket at Mahakumbh Mela 2025, video goes viral. Dressed in traditional attire, the babas at the Mahakumbh can be seen effortlessly smashing boundaries.","Dressed in traditional attire, the babas at the Mahakumbh can be seen effortlessly smashing boundaries.","The babas at the Mahakumbh can be seen effortlessly smashing boundaries. Dressed in traditional attire, the babas at the Mahakumbh can be seen effortlessly smashing boundaries."
"Fire breaks out at Mahakumbh, second blaze since start of congregation","February 07, 2025 11:30 am","No casualties have been reported, news agency PTIquoted fire officials as saying.","Fire breaks out at Mahakumbh, second blaze since start of congregation. No casualties have been reported, news agency PTIquoted fire officials as saying.","No casualties have been reported, news agency PTIquoted fire officials as saying.","Fire breaks out at Mahakumbh, second blaze since start of congregation. No casualties have been reported, news agency PTIquoted fire officials as saying. - -"
"Under Congress, have not got expected success situation may improve if Mamata is leader: SP MP Ram Gopal Yadav","February 06, 2025 11:25 am","Things the BJP is not saying about (Arvind) Kejriwal, Rahul Gandhi is. It sends the wrong message that the BJP and Congress speak the same language, says SP chief Akhilesh Yadavs uncle.","Under Congress, have not got expected success situation may improve if Mamata is leader: SP MP Ram Gopal Yadav. Things the BJP is not saying about (Arvind) Kejriwal, Rahul Gandhi is. It sends the wrong message that the BJP and Congress speak the same language, says SP chief Akhilesh Yadavs uncle.","Things the BJP is not saying about (Arvind) Kejriwal, Rahul Gandhi is. It sends the wrong message that the BJP and Congress speak the same language, says SP chief Akhilesh Yadavs uncle.","Things the BJP is not saying about (Arvind) Kejriwal, Rahul Gandhi is. Sends the wrong message that the BJP and Congress speak the same language, says SP chief Akhilesh Yadavs uncle."
"Modi at Kumbh as Delhi votes: Maharashtra to Jharkhand, Haryana to TN, PMs busy polling days","February 05, 2025 11:09 am",Opposition has approached the EC earlier to complain about the PM violating code of conduct with such televised appearances either on voting day or after the end of canvassing,"Modi at Kumbh as Delhi votes: Maharashtra to Jharkhand, Haryana to TN, PMs busy polling days. Opposition has approached the EC earlier to complain about the PM violating code of conduct with such televised appearances either on voting day or after the end of canvassing",Opposition has approached the EC earlier to complain about the PM violating code of conduct with such televised appearances either on voting day or after the end of canvassing,Opposition has approached the EC earlier to complain about the PM violating code of conduct with such televised appearances either on voting day or after the end of canvassing .
"Supreme Court calls Kumbh stampede unfortunate, asks petitioner to approach Allahabad HC","February 04, 2025 4:05 am",The PIL petition in the Supreme Court accused the Uttar Pradesh government of negligence and sought action against responsible officials over the Maha Kumbh stampede.,"Supreme Court calls Kumbh stampede unfortunate, asks petitioner to approach Allahabad HC. The PIL petition in the Supreme Court accused the Uttar Pradesh government of negligence and sought action against responsible officials over the Maha Kumbh stampede.",The PIL petition in the Supreme Court accused the Uttar Pradesh government of negligence and sought action against responsible officials over the Maha Kumbh stampede.,The PIL petition in the Supreme Court accused the Uttar Pradesh government of negligence and sought action against responsible officials over the Maha Kumbh stampede. The PIL petition in the Supreme Court accused the Uttar Pradesh government of negligence and sought action against responsible officials over the Maha Kumbh stampede.
Prakash Raj complains against activist for sharing AI-generated image of him taking dip at Mahakumbh: 'People are creating religious divides',"February 03, 2025 8:17 am","The deleted Facebook post with Prakash Raj's AI-generated image said, ""Hope all his sins are forgiven and removed.""","Prakash Raj complains against activist for sharing AI-generated image of him taking dip at Mahakumbh: 'People are creating religious divides'. The deleted Facebook post with Prakash Raj's AI-generated image said, ""Hope all his sins are forgiven and removed.""","The deleted Facebook post with Prakash Raj's AI-generated image said, ""Hope all his sins are forgiven and removed.""","The deleted Facebook post with Prakash Raj's AI-generated image said, ""Hope all his sins are forgiven and removed."" The deleted post with Prakash Raj's AI-generated image said, ""Hope all his sins are forgiven and removed."""
"Travel vlogger stranded in traffic for 19 hours, misses Mahakumbh Mela despite months of planning","February 01, 2025 4:28 pm",Binsky's post wasn't well received by Indian social media users.,"Travel vlogger stranded in traffic for 19 hours, misses Mahakumbh Mela despite months of planning. Binsky's post wasn't well received by Indian social media users.",Binsky's post wasn't well received by Indian social media users.,"Binsky's post wasn't well received by Indian social media users. The post was stranded in traffic for 19 hours, misses Mahakumbh Mela despite months of planning."
UPSC Essentials | Mains answer practice GS 1 : Questions on significance of the Kumbh Mela in India's independence movement and higher education (Week 88),"February 06, 2025 2:42 pm",Are you preparing for CSE 2025? Here are questions from GS paper 1 for this week with essential points as the fodder for your answers. Do not miss points to ponder and answer in the comment box below.,UPSC Essentials | Mains answer practice GS 1 : Questions on significance of the Kumbh Mela in India's independence movement and higher education (Week 88). Are you preparing for CSE 2025? Here are questions from GS paper 1 for this week with essential points as the fodder for your answers. Do not miss points to ponder and answer in the comment box below.,Are you preparing for CSE 2025? Here are questions from GS paper 1 for this week with essential points as the fodder for your answers. Do not miss points to ponder and answer in the comment box below.,Are you preparing for CSE 2025? Here are questions from GS paper 1 for this week with essential points as the fodder for your answers. Do not miss points to ponder and answer in the comment box below.
"Mans hilarious rant on Mahakumbhs arrangement viral; says wife disappeared thrice, police brought her back","January 31, 2025 3:56 pm","In the viral video, an old man recounts how his wife got lost three times at the Mahakumbh 2025 but the police successfully found her each time.","Mans hilarious rant on Mahakumbhs arrangement viral; says wife disappeared thrice, police brought her back. In the viral video, an old man recounts how his wife got lost three times at the Mahakumbh 2025 but the police successfully found her each time.","In the viral video, an old man recounts how his wife got lost three times at the Mahakumbh 2025 but the police successfully found her each time.","In the viral video, an old man recounts how his wife got lost three times at the Mahakumbh 2025 but the police successfully found her each. In the video, an old man recounts how his wife got lost three times at the Mahakumbh 2025 but the police successfully found her each."
"Hour before death in stampede, Karnataka woman requested people to avoid visiting Mahakumbh","January 30, 2025 9:27 pm",Revenue Minister Krishna Byre Gowda announced that one individual from Karnataka who visited Mahakumbh could not be traced.,"Hour before death in stampede, Karnataka woman requested people to avoid visiting Mahakumbh. Revenue Minister Krishna Byre Gowda announced that one individual from Karnataka who visited Mahakumbh could not be traced.",Revenue Minister Krishna Byre Gowda announced that one individual from Karnataka who visited Mahakumbh could not be traced.,Revenue Minister Krishna Byre Gowda announced that one individual from Karnataka who visited Mahakumbh could not be traced.
"The day after Mahakumbh stampede: Stepped-up security, cautious devotees and an eerie silence","January 30, 2025 10:44 pm","The day after the stampede, traces of the incident are still visible not only in the increased security detail and police pickets all the way to the ghat but also in the demeanour of the nervous devotees and the uneasy calm there.","The day after Mahakumbh stampede: Stepped-up security, cautious devotees and an eerie silence. The day after the stampede, traces of the incident are still visible not only in the increased security detail and police pickets all the way to the ghat but also in the demeanour of the nervous devotees and the uneasy calm there.","The day after the stampede, traces of the incident are still visible not only in the increased security detail and police pickets all the way to the ghat but also in the demeanour of the nervous devotees and the uneasy calm there.","The day after the stampede, traces of the incident are still visible not only in the increased security detail and police pickets all the way to the ghat but also in the demeanour of the nervous devotees and the uneasy calm there."
Mahakumbh stampede: Judicial panel says will wrap up probe 'as early as possible',"January 31, 2025 3:13 am","Chief Secy, DGP reach Sangam to take stock of preparations for the February 3 Amrit Snan","Mahakumbh stampede: Judicial panel says will wrap up probe 'as early as possible'. Chief Secy, DGP reach Sangam to take stock of preparations for the February 3 Amrit Snan","Chief Secy, DGP reach Sangam to take stock of preparations for the February 3 Amrit Snan","Judicial panel says will wrap up probe 'as early as possible' Chief Secy, DGP reach Sangam to take stock of preparations for the February 3 Amrit Snan"
"Giant fish attacks woman, Delhi man sets stray dogs free, and more: Top 5 viral videos","January 30, 2025 6:40 pm",A look at the top five viral videos of the day.,"Giant fish attacks woman, Delhi man sets stray dogs free, and more: Top 5 viral videos. A look at the top five viral videos of the day.",A look at the top five viral videos of the day.,A look at the top five viral videos of the day.
"Mahakumbh stampede: Causes of such disasters, how they can be prevented","January 31, 2025 1:06 am","Mahakumbh Mela 2025 Stampede News: The NDMA, the apex body on formulating disaster mitigation policies in the country, had in 2014 published a report on crowd management at big events and prevention of stampedes. Here are its key takeaways.","Mahakumbh stampede: Causes of such disasters, how they can be prevented. Mahakumbh Mela 2025 Stampede News: The NDMA, the apex body on formulating disaster mitigation policies in the country, had in 2014 published a report on crowd management at big events and prevention of stampedes. Here are its key takeaways.","Mahakumbh Mela 2025 Stampede News: The NDMA, the apex body on formulating disaster mitigation policies in the country, had in 2014 published a report on crowd management at big events and prevention of stampedes. Here are its key takeaways.","The NDMA, the apex body on formulating disaster mitigation policies in the country, had in 2014 published a report on crowd management at big events and prevention of stampedes. Here are its key takeaways."
"Mahakumbh mela tragedy: Karnataka govt facilitates transportation of deceased Belagavi victims, bodies to be brought today","January 30, 2025 12:42 pm",Revenue Minister Krishna Byre Gowda said IPS officer Hariram Shankar is coordinating the movement of the bodies; 30 people were killed and 60 were injured in Mahakumbh stampede.,"Mahakumbh mela tragedy: Karnataka govt facilitates transportation of deceased Belagavi victims, bodies to be brought today. Revenue Minister Krishna Byre Gowda said IPS officer Hariram Shankar is coordinating the movement of the bodies; 30 people were killed and 60 were injured in Mahakumbh stampede.",Revenue Minister Krishna Byre Gowda said IPS officer Hariram Shankar is coordinating the movement of the bodies; 30 people were killed and 60 were injured in Mahakumbh stampede.,Revenue Minister Krishna Byre Gowda said IPS officer Hariram Shankar is coordinating the movement of the bodies; 30 people were killed and 60 were injured in Mahakumbh stampede.
Why Maharashtra needs to take lessons from Prayagraj ahead of Nashik Kumbh Mela 2027,"January 31, 2025 8:57 am","With the Nashik Kumbh Mela in 2027 expected to draw lakhs of devotees, multiple challenges lie ahead for the administration.","Why Maharashtra needs to take lessons from Prayagraj ahead of Nashik Kumbh Mela 2027. With the Nashik Kumbh Mela in 2027 expected to draw lakhs of devotees, multiple challenges lie ahead for the administration.","With the Nashik Kumbh Mela in 2027 expected to draw lakhs of devotees, multiple challenges lie ahead for the administration.","With the Nashik Kumbh Mela in 2027 expected to draw lakhs of devotees, multiple challenges lie ahead for the administration.  Why Maharashtra needs to take lessons from Prayagraj ahead of Nashik Kumbh Mela 2027."
"Today in Politics: Heat on Yogi, Uttar Pradesh government over Kumbh stampede","January 30, 2025 9:40 am",Akhilesh Yadav suggested that the management and administration of the Kumbh should be handed over to the Army.,"Today in Politics: Heat on Yogi, Uttar Pradesh government over Kumbh stampede. Akhilesh Yadav suggested that the management and administration of the Kumbh should be handed over to the Army.",Akhilesh Yadav suggested that the management and administration of the Kumbh should be handed over to the Army.,"Today in Politics: Heat on Yogi, Uttar Pradesh government over Kumbh stampede. Akhilesh Yadav suggested that the management and administration of the Kumbh should be handed over to the Army."
"30 dead, 60 injured in pre-dawn Maha Kumbh stampede for dip at the Sangam","January 30, 2025 4:53 am","Mahakumbh stampede: Three-member commission of inquiry instituted. Officials blame incident on huge rush, felling of barricades.","30 dead, 60 injured in pre-dawn Maha Kumbh stampede for dip at the Sangam. Mahakumbh stampede: Three-member commission of inquiry instituted. Officials blame incident on huge rush, felling of barricades.","Mahakumbh stampede: Three-member commission of inquiry instituted. Officials blame incident on huge rush, felling of barricades.","Mahakumbh stampede: Three-member commission of inquiry instituted. Officials blame incident on huge rush, felling of barricades. Officials blame incident on huge rush, felling of barricades."
"Kabir Khan visits Mahakumbh Mela, says it's 'not about Hindus and Muslims'; Hema Malini takes holy dip at Triveni Sangam. Watch","January 29, 2025 5:57 pm","Hema Malini visited the Mahakumbh Mela site hours after a tragic ""stampede-like"" incident at the Sangam, which resulted in multiple fatalities.","Kabir Khan visits Mahakumbh Mela, says it's 'not about Hindus and Muslims'; Hema Malini takes holy dip at Triveni Sangam. Watch. Hema Malini visited the Mahakumbh Mela site hours after a tragic ""stampede-like"" incident at the Sangam, which resulted in multiple fatalities.","Hema Malini visited the Mahakumbh Mela site hours after a tragic ""stampede-like"" incident at the Sangam, which resulted in multiple fatalities.","Hema Malini visited the Mahakumbh Mela site hours after a tragic ""stampede-like"" incident at the Sangam, which resulted in multiple fatalities."
"We screamed, we cried, nobody listenedpeople just walked over others': Mahakumbh stampede eyewitnesses recount hours of chaos, panic","January 30, 2025 7:36 am","Mahakumbh: Relatives search for missing, dead during day of grief and panic -- and official silence.","We screamed, we cried, nobody listenedpeople just walked over others': Mahakumbh stampede eyewitnesses recount hours of chaos, panic. Mahakumbh: Relatives search for missing, dead during day of grief and panic -- and official silence.","Mahakumbh: Relatives search for missing, dead during day of grief and panic -- and official silence.","Mahakumbh: Relatives search for missing, dead during day of grief and panic -- and official silence. Mahakumbh: Relatives search for missing, dead during day of grief and panic -- and official silence."
"Mismanagement, VIP culture: Oppn hits out at Centre, UP govt over stampede at Maha Kumbh","January 29, 2025 11:44 am",The stampede situation occurred as hundreds of thousands of devotees gathered for the Amrit Snan on the occasion of Mauni Amavasya.,"Mismanagement, VIP culture: Oppn hits out at Centre, UP govt over stampede at Maha Kumbh. The stampede situation occurred as hundreds of thousands of devotees gathered for the Amrit Snan on the occasion of Mauni Amavasya.",The stampede situation occurred as hundreds of thousands of devotees gathered for the Amrit Snan on the occasion of Mauni Amavasya.,The stampede situation occurred as hundreds of thousands of devotees gathered for the Amrit Snan on the occasion of Mauni Amavasya. The stampede situation occurred as hundreds of thousands of devotees gathered for the Amrit Snan
"GATE, JAM 2025: Exams for those in Prayagraj shifted to Lucknow amid Mahakumbh","January 30, 2025 9:39 am","JAM, GATE 2025: The candidates will have to make sure that the new test centre details appear correctly while downloading the updated GATE admit cards and JAM admit cards.","GATE, JAM 2025: Exams for those in Prayagraj shifted to Lucknow amid Mahakumbh. JAM, GATE 2025: The candidates will have to make sure that the new test centre details appear correctly while downloading the updated GATE admit cards and JAM admit cards.","JAM, GATE 2025: The candidates will have to make sure that the new test centre details appear correctly while downloading the updated GATE admit cards and JAM admit cards.","JAM, GATE 2025: The candidates will have to make sure that the new test centre details appear correctly while downloading the updated GATE admit cards and JAM admit cards. JAM, GATE 2025:"
"PM Modi dials CM Adityanath, urges swift action after stampede situation at Maha Kumbh","January 29, 2025 9:45 am",Local authorities fear multiple casualties after chaotic scenes unfolded amid the enormous crowds gathered for the Mauni Amavasya bath,"PM Modi dials CM Adityanath, urges swift action after stampede situation at Maha Kumbh. Local authorities fear multiple casualties after chaotic scenes unfolded amid the enormous crowds gathered for the Mauni Amavasya bath",Local authorities fear multiple casualties after chaotic scenes unfolded amid the enormous crowds gathered for the Mauni Amavasya bath,Local authorities fear multiple casualties after chaotic scenes unfolded amid the enormous crowds gathered for the Mauni Amavasya bath. Local authorities fear multiple casualties after chaotic scenes unfolded amid the enormous crowds gathered for the Mauni Amavasya bath.
Chaos at Patna railway station as reserved ticket passengers fail to get inside packed Delhi-bound train,"January 28, 2025 4:34 pm","According to Railways, the massive crowd was due to the ongoing Mahakumbh Mela; stranded passengers sent to Prayagraj via 2 special trains.","Chaos at Patna railway station as reserved ticket passengers fail to get inside packed Delhi-bound train. According to Railways, the massive crowd was due to the ongoing Mahakumbh Mela; stranded passengers sent to Prayagraj via 2 special trains.","According to Railways, the massive crowd was due to the ongoing Mahakumbh Mela; stranded passengers sent to Prayagraj via 2 special trains.","stranded passengers sent to Prayagraj via 2 special trains. According to Railways, the massive crowd was due to the ongoing Mahakumbh Mela; stranded passengers sent to Prayagraj via 2 special trains."
"Mahakumbh 2025: Delhi-Prayagraj airfare soar; 'cheaper to take a dip in Thames', say netizens","January 28, 2025 8:22 pm","Where a SpiceJet flight from Delhi to Prayagraj costs Rs 31,606, an Etihad flight to London from Delhi costs Rs 24,093.","Mahakumbh 2025: Delhi-Prayagraj airfare soar; 'cheaper to take a dip in Thames', say netizens. Where a SpiceJet flight from Delhi to Prayagraj costs Rs 31,606, an Etihad flight to London from Delhi costs Rs 24,093.","Where a SpiceJet flight from Delhi to Prayagraj costs Rs 31,606, an Etihad flight to London from Delhi costs Rs 24,093.","Where a SpiceJet flight from Delhi to Prayagraj costs Rs 31,606, an Etihad flight to London from Delhi costs Rs 24,093. Where a SpiceJet flight from Delhi to Prayagraj costs Rs 31,606, an Etihad flight to London from Delhi costs Rs 24,093."
Mahakumbh 2025: All you need to know about Mauni Amavasya,"January 28, 2025 2:30 pm","Mahakumbh Mela 2025: For spiritual peace and mental stability, observing silence on the day of Mauni Amavasya is highly beneficial.","Mahakumbh 2025: All you need to know about Mauni Amavasya. Mahakumbh Mela 2025: For spiritual peace and mental stability, observing silence on the day of Mauni Amavasya is highly beneficial.","Mahakumbh Mela 2025: For spiritual peace and mental stability, observing silence on the day of Mauni Amavasya is highly beneficial.","Observing silence on the day of Mauni Amavasya is highly beneficial. Mahakumbh Mela 2025: For spiritual peace and mental stability, observing silence on the day of Mauni Amavasya is highly beneficial."
Coldplay's Chris Martin to take part in Mahakumbh Mela,"January 27, 2025 7:42 pm","It has been confirmed that Coldplay frontman Chris Martin will participate in this year's Mahakumbh, which takes place every 12 years.","Coldplay's Chris Martin to take part in Mahakumbh Mela. It has been confirmed that Coldplay frontman Chris Martin will participate in this year's Mahakumbh, which takes place every 12 years.","It has been confirmed that Coldplay frontman Chris Martin will participate in this year's Mahakumbh, which takes place every 12 years.","It has been confirmed that Coldplay frontman Chris Martin will participate in this year's Mahakumbh, which takes place every 12 years. The event will take place every 12 years."
Dip in Ganga doesnt fill stomach: Mallikarjun Kharge; BJP seeks Congress apology,"January 28, 2025 3:50 am","His remarks attracted a sharp reaction from the BJP, calling his remarks anti-Sanatan and seeking an apology from Rahul Gandhi and Sonia Gandhi.","Dip in Ganga doesnt fill stomach: Mallikarjun Kharge; BJP seeks Congress apology. His remarks attracted a sharp reaction from the BJP, calling his remarks anti-Sanatan and seeking an apology from Rahul Gandhi and Sonia Gandhi.","His remarks attracted a sharp reaction from the BJP, calling his remarks anti-Sanatan and seeking an apology from Rahul Gandhi and Sonia Gandhi.","BJP seeks an apology from Rahul Gandhi and Sonia Gandhi. His remarks attracted a sharp reaction from the BJP, calling his remarks anti-Sanatan and seeking an apology from Rahul Gandhi and Sonia Gandhi."
"Mahakumbh Diary: Why Kinnar Akhada is drawing engineers, doctors, the young and the old","January 26, 2025 10:29 pm","The Kinnar Akhada at the Mahakumbh in Prayagraj is where the third sex finds acceptance and a collective spirituality, making it a platform for queer rights and a confluence of ideas","Mahakumbh Diary: Why Kinnar Akhada is drawing engineers, doctors, the young and the old. The Kinnar Akhada at the Mahakumbh in Prayagraj is where the third sex finds acceptance and a collective spirituality, making it a platform for queer rights and a confluence of ideas","The Kinnar Akhada at the Mahakumbh in Prayagraj is where the third sex finds acceptance and a collective spirituality, making it a platform for queer rights and a confluence of ideas","The Kinnar Akhada at the Mahakumbh in Prayagraj is where the third sex finds acceptance and a collective spirituality, making it a platform for queer rights"
"Mahakumbh 2025: Actor Mamta Kulkarni becomes 'Mahamandleshwar' of Kinnar Akhara, assumes a new name: 'This was the order of Mahadev, Maha Kaali'","January 25, 2025 4:56 pm",Know all about the significance of being a mahamandleshwar and why it matters,"Mahakumbh 2025: Actor Mamta Kulkarni becomes 'Mahamandleshwar' of Kinnar Akhara, assumes a new name: 'This was the order of Mahadev, Maha Kaali'. Know all about the significance of being a mahamandleshwar and why it matters",Know all about the significance of being a mahamandleshwar and why it matters,"Actor Mamta Kulkarni becomes 'Mahamandleshwar' of Kinnar Akhara, assumes a new name: 'This was the order of Mahadev, Maha Kaali' Know all about the significance of being a mahamandleshwar and why it matters."
JEE Main 2025: Exams for those in Prayagraj shifted to Varanasi amid Mahakumbh,"January 25, 2025 9:44 am",The JEE Main admit cards for all the exam dates are out at jeemain.nta.nic.in. The candidates must make sure that the QR Code and the barcode is available on the JEE admit card while downloading.,JEE Main 2025: Exams for those in Prayagraj shifted to Varanasi amid Mahakumbh. The JEE Main admit cards for all the exam dates are out at jeemain.nta.nic.in. The candidates must make sure that the QR Code and the barcode is available on the JEE admit card while downloading.,The JEE Main admit cards for all the exam dates are out at jeemain.nta.nic.in. The candidates must make sure that the QR Code and the barcode is available on the JEE admit card while downloading.,The JEE Main admit cards for all the exam dates are out at jeemain.nta.nic.in. The candidates must make sure that the QR Code and the barcode is available on the JEE admit card while downloading.
"Travel to Mahakumbh from Chandigarh by bus, pay Rs 1,662","January 23, 2025 4:01 pm",The inaugural service on the Chandigarh-Prayagraj route was flagged off on Thursday,"Travel to Mahakumbh from Chandigarh by bus, pay Rs 1,662. The inaugural service on the Chandigarh-Prayagraj route was flagged off on Thursday",The inaugural service on the Chandigarh-Prayagraj route was flagged off on Thursday,"Travel to Mahakumbh from Chandigarh by bus, pay Rs 1,662. The inaugural service on the Chandigarh-Prayagraj route was flagged off on Thursday"
"Car falling from 2nd floor, men chasing Mona Lisa at Mahakumbh and more: top 5 viral videos","January 22, 2025 6:44 pm",A look at the top five viral videos of the day.,"Car falling from 2nd floor, men chasing Mona Lisa at Mahakumbh and more: top 5 viral videos. A look at the top five viral videos of the day.",A look at the top five viral videos of the day.,A look at the top five viral videos of the day. A look at the top five viral videos of the day. A look at the top five viral videos of the day. A look at the top five viral videos of the day.
"Hillary Clinton's reaction to Trumps Gulf of America plan, 'Harry Potter' at Mahakumbh, and more: Top 5 viral videos","January 21, 2025 6:40 pm",A look at the top five viral videos of the day.,"Hillary Clinton's reaction to Trumps Gulf of America plan, 'Harry Potter' at Mahakumbh, and more: Top 5 viral videos. A look at the top five viral videos of the day.",A look at the top five viral videos of the day.,"'Harry Potter' at Mahakumbh, and more: Top 5 viral videos. A look at the top five viral videos of the day. A look at the top five viral videos of the day."
Mahakumbh an expensive affair for Mumbaikars as air fares to Prayagraj soar,"January 21, 2025 12:58 am","To accommodate the surge in travellers, airlines such as IndiGo, Akasa Air, and SpiceJet have launched daily direct flights to Prayagraj.","Mahakumbh an expensive affair for Mumbaikars as air fares to Prayagraj soar. To accommodate the surge in travellers, airlines such as IndiGo, Akasa Air, and SpiceJet have launched daily direct flights to Prayagraj.","To accommodate the surge in travellers, airlines such as IndiGo, Akasa Air, and SpiceJet have launched daily direct flights to Prayagraj.","Air fares to Prayagraj soar to accommodate the surge in travellers, airlines such as IndiGo, Akasa Air, and SpiceJet have launched daily direct flights to Prayagraj."
Why is Maha Kumbh Mela 2025 special?,"January 21, 2025 10:30 pm","The Maha Kumbh Mela in 2025 is poised to attract an estimated 45 crore devotees from across the globe, making it one of the largest gatherings in human history.","Why is Maha Kumbh Mela 2025 special?. The Maha Kumbh Mela in 2025 is poised to attract an estimated 45 crore devotees from across the globe, making it one of the largest gatherings in human history.","The Maha Kumbh Mela in 2025 is poised to attract an estimated 45 crore devotees from across the globe, making it one of the largest gatherings in human history.","The Maha Kumbh Mela in 2025 is poised to attract an estimated 45 crore devotees from across the globe, making it one of the largest gatherings in human history."
"40 huts, 6 tents gutted in fire at Maha Kumbh, no report of casualty","January 20, 2025 4:14 pm","Uttar Pradesh Chief Minister Yogi Adityanath, who was in Prayagraj on Sunday, visited the affected area and took stock of the situation. Officials said the chief minister briefed Prime Minister Narendra Modi about the incident.","40 huts, 6 tents gutted in fire at Maha Kumbh, no report of casualty. Uttar Pradesh Chief Minister Yogi Adityanath, who was in Prayagraj on Sunday, visited the affected area and took stock of the situation. Officials said the chief minister briefed Prime Minister Narendra Modi about the incident.","Uttar Pradesh Chief Minister Yogi Adityanath, who was in Prayagraj on Sunday, visited the affected area and took stock of the situation. Officials said the chief minister briefed Prime Minister Narendra Modi about the incident.","Uttar Pradesh Chief Minister Yogi Adityanath, who was in Prayagraj on Sunday, visited the affected area and took stock of the situation. Officials said the chief minister briefed Prime Minister Narendra Modi about the incident."
Google celebrates Mahakumbh Mela 2025 with special rose petal shower animation on search page,"January 17, 2025 5:29 pm","The animation can be replayed and shared with others via email, Facebook, X, or WhatsApp.","Google celebrates Mahakumbh Mela 2025 with special rose petal shower animation on search page. The animation can be replayed and shared with others via email, Facebook, X, or WhatsApp.","The animation can be replayed and shared with others via email, Facebook, X, or WhatsApp.","Google celebrates Mahakumbh Mela 2025 with special rose petal shower animation on search page. The animation can be replayed and shared with others via email, Facebook, X, or WhatsApp."
Who is Mahakumbh ki Mona Lisa? Know why the Internet is divided over a garland seller,"January 17, 2025 11:39 am","Mona Lisa, a garland seller who has gone viral from the Mahakumbh Mela 2025, has sparked debates as male influencers turn the sacred event into a social media spectacle.","Who is Mahakumbh ki Mona Lisa? Know why the Internet is divided over a garland seller. Mona Lisa, a garland seller who has gone viral from the Mahakumbh Mela 2025, has sparked debates as male influencers turn the sacred event into a social media spectacle.","Mona Lisa, a garland seller who has gone viral from the Mahakumbh Mela 2025, has sparked debates as male influencers turn the sacred event into a social media spectacle.","Mona Lisa, a garland seller who has gone viral from the Mahakumbh Mela 2025, has sparked debates as male influencers turn the sacred event into a social media spectacle."
Mahakumbh Mela 2025 Live Updates: A celebration of unity BJP distributes Constitution copies to sanitation workers,"January 17, 2025 10:38 pm","Maha Kumbh 2025 Live Updates: Over 7 crore devotees have bathed in the Sangam during the first five days of the Kumbh Mela, with total attendance expected to surpass 50 crore by the festival's end.","Mahakumbh Mela 2025 Live Updates: A celebration of unity BJP distributes Constitution copies to sanitation workers. Maha Kumbh 2025 Live Updates: Over 7 crore devotees have bathed in the Sangam during the first five days of the Kumbh Mela, with total attendance expected to surpass 50 crore by the festival's end.","Maha Kumbh 2025 Live Updates: Over 7 crore devotees have bathed in the Sangam during the first five days of the Kumbh Mela, with total attendance expected to surpass 50 crore by the festival's end.","Over 7 crore devotees have bathed in the Sangam during the first five days of the Kumbh Mela, with total attendance expected to surpass 50 crore by the festival's end."
Film thodi hai: Hope at Kumbh booth for loved ones lost and found,"January 17, 2025 5:18 am","Called the Tower of Hope, the lost and found booth at the Prayagrajs Sangam Ghat has helped reunite over 600 people with their kin as of January 14","Film thodi hai: Hope at Kumbh booth for loved ones lost and found. Called the Tower of Hope, the lost and found booth at the Prayagrajs Sangam Ghat has helped reunite over 600 people with their kin as of January 14","Called the Tower of Hope, the lost and found booth at the Prayagrajs Sangam Ghat has helped reunite over 600 people with their kin as of January 14","Called the Tower of Hope, the lost and found booth at the Prayagrajs Sangam Ghat has helped reunite over 600 people with their kin as of January 14"
19-year-old Steve Jobs' handwritten letter expressing wish to attend Kumbh Mela auctioned for Rs 4.32 crore,"January 18, 2025 5:34 pm","In the letter, postmarked just before his birthday, Jobs shares his fascination with 'Zen Buddhism' and his dream of attending the Kumbh Mela.","19-year-old Steve Jobs' handwritten letter expressing wish to attend Kumbh Mela auctioned for Rs 4.32 crore. In the letter, postmarked just before his birthday, Jobs shares his fascination with 'Zen Buddhism' and his dream of attending the Kumbh Mela.","In the letter, postmarked just before his birthday, Jobs shares his fascination with 'Zen Buddhism' and his dream of attending the Kumbh Mela.","Jobs' handwritten letter expressing wish to attend Kumbh Mela auctioned for Rs 4.32 crore. In the letter, postmarked just before his birthday, Jobs shares his fascination with 'Zen Buddhism' and his dream of attending the Kumbh Mela."
Steve Jobs wife Laurene Powell feels better after Ganga snan following hand allergy at Mahakumbh; expert shares common triggers,"January 15, 2025 3:22 pm",The billionaire businesswoman-philanthropist was given a new name 'Kamala' by her guru Mahamandaleshwar Swami Kailashanand Giri of the Niranjani Akhara.,Steve Jobs wife Laurene Powell feels better after Ganga snan following hand allergy at Mahakumbh; expert shares common triggers. The billionaire businesswoman-philanthropist was given a new name 'Kamala' by her guru Mahamandaleshwar Swami Kailashanand Giri of the Niranjani Akhara.,The billionaire businesswoman-philanthropist was given a new name 'Kamala' by her guru Mahamandaleshwar Swami Kailashanand Giri of the Niranjani Akhara.,The billionaire businesswoman-philanthropist was given a new name 'Kamala' by her guru Mahamandaleshwar Swami Kailashanand Giri of the Niranjani Akhara.
"Mahakumbh Mela 2025 Highlights: On Day 4, lakhs brave biting cold to take holy dip in Sangam; over 6 crore participants till now","January 17, 2025 10:13 am","Maha Kumbh 2025 Highlights: In the first four days of the Kumbh Mela in Prayagraj, over 6 crore devotees have taken a dip in Sangam, participating in the Amrit Snan.","Mahakumbh Mela 2025 Highlights: On Day 4, lakhs brave biting cold to take holy dip in Sangam; over 6 crore participants till now. Maha Kumbh 2025 Highlights: In the first four days of the Kumbh Mela in Prayagraj, over 6 crore devotees have taken a dip in Sangam, participating in the Amrit Snan.","Maha Kumbh 2025 Highlights: In the first four days of the Kumbh Mela in Prayagraj, over 6 crore devotees have taken a dip in Sangam, participating in the Amrit Snan.","Maha Kumbh 2025 Highlights: In the first four days of the Kumbh Mela in Prayagraj, over 6 crore devotees have taken a dip in Sangam, participating in the Amrit Snan."
Ex-mayor and NCP (SP) leader Mahesh Kothe dies of heart attack after Prayagraj holy dip,"January 14, 2025 7:23 pm","The incident occurred around 7:30 AM at the Triveni Sangam, a confluence of the Ganga, Yamuna, and the legendary Saraswati River.","Ex-mayor and NCP (SP) leader Mahesh Kothe dies of heart attack after Prayagraj holy dip. The incident occurred around 7:30 AM at the Triveni Sangam, a confluence of the Ganga, Yamuna, and the legendary Saraswati River.","The incident occurred around 7:30 AM at the Triveni Sangam, a confluence of the Ganga, Yamuna, and the legendary Saraswati River.","The incident occurred around 7:30 AM at the Triveni Sangam, a confluence of the Ganga, Yamuna, and the legendary Saraswati River."
Mahakumbh and Kumbh mela: Know the key differences,"January 16, 2025 7:44 pm","Mahakumbh vs Kumbh: While both festivals share deep religious significance and celestial connections, there are key distinctions that set them apart","Mahakumbh and Kumbh mela: Know the key differences. Mahakumbh vs Kumbh: While both festivals share deep religious significance and celestial connections, there are key distinctions that set them apart","Mahakumbh vs Kumbh: While both festivals share deep religious significance and celestial connections, there are key distinctions that set them apart","While both festivals share deep religious significance and celestial connections, there are key distinctions that set them apart. Mahakumbh vs Kumbh: While both festivals share deep religious significance and celestial connections, there are key distinctions that set them apart."
Mahakumbh 2025: Top 10 must-visit places to explore near Prayagraj during Kumbh Mela,"January 14, 2025 4:55 pm","Mahakumbh 2025 places to visit: Today, the Kumbh Mela stands as the largest religious gathering in the world, deeply intertwined with Hindu mythology.","Mahakumbh 2025: Top 10 must-visit places to explore near Prayagraj during Kumbh Mela. Mahakumbh 2025 places to visit: Today, the Kumbh Mela stands as the largest religious gathering in the world, deeply intertwined with Hindu mythology.","Mahakumbh 2025 places to visit: Today, the Kumbh Mela stands as the largest religious gathering in the world, deeply intertwined with Hindu mythology.","Mahakumbh 2025: Top 10 must-visit places to explore near Prayagraj during Kumbh Mela. Today, the Kumbh Mela stands as the largest religious gathering in the world, deeply intertwined with Hindu mythology."
1 crore devotees take holy dip at Maha Kumbh Mela as Amrit Snan begins at Sangam,"January 14, 2025 10:52 am","From early morning, devotees thronged the Nagvasuki temple and Sangam area in Prayagraj. Chants of Har Har Mahadev and Jai Shri Ram echoed across the 12-km stretch of the bathing ghats.","1 crore devotees take holy dip at Maha Kumbh Mela as Amrit Snan begins at Sangam. From early morning, devotees thronged the Nagvasuki temple and Sangam area in Prayagraj. Chants of Har Har Mahadev and Jai Shri Ram echoed across the 12-km stretch of the bathing ghats.","From early morning, devotees thronged the Nagvasuki temple and Sangam area in Prayagraj. Chants of Har Har Mahadev and Jai Shri Ram echoed across the 12-km stretch of the bathing ghats.","From early morning, devotees thronged the Nagvasuki temple and Sangam area in Prayagraj. Chants of Har Har Mahadev and Jai Shri Ram echoed across the 12-km stretch of the bathing ghats."
Mahakumbh Mela: The diversities and social meanings,"January 06, 2025 7:43 pm","From communities coming together to a vibrant marketplace for small businesses, the massive event is an opportunity at multiple levels.","Mahakumbh Mela: The diversities and social meanings. From communities coming together to a vibrant marketplace for small businesses, the massive event is an opportunity at multiple levels.","From communities coming together to a vibrant marketplace for small businesses, the massive event is an opportunity at multiple levels.","From communities coming together to a vibrant marketplace for small businesses, the massive event is an opportunity at multiple levels. From communities coming together to a vibrant marketplace for small businesses, the massive event is an opportunity at multiple levels."
Maha Kumbh 2025: How is Maha Kumbh different from Kumbh,"January 02, 2025 3:50 pm","Mahakumbh vs Kumbh: These are two significant Hindu religious gatherings that attract millions of devotees; however, there are some differences between the two; check below.","Maha Kumbh 2025: How is Maha Kumbh different from Kumbh. Mahakumbh vs Kumbh: These are two significant Hindu religious gatherings that attract millions of devotees; however, there are some differences between the two; check below.","Mahakumbh vs Kumbh: These are two significant Hindu religious gatherings that attract millions of devotees; however, there are some differences between the two; check below.","Mahakumbh vs Kumbh: These are two significant Hindu religious gatherings that attract millions of devotees; however, there are some differences between the two; check below."
"Maha Kumbh Mela 2025 All you need to know: When will it start? Know the dates of royal bath, significance, and more","January 02, 2025 3:08 pm","Maha Kumbh 2025 Date, Place, Events, Key Ritual and Cultural Significance: The Maha Kumbh Mela 2025 is scheduled to commence on January 13, 2025, with the Paush Purnima Snan, and will conclude on February 26, 2025, coinciding with Maha Shivratri.","Maha Kumbh Mela 2025 All you need to know: When will it start? Know the dates of royal bath, significance, and more. Maha Kumbh 2025 Date, Place, Events, Key Ritual and Cultural Significance: The Maha Kumbh Mela 2025 is scheduled to commence on January 13, 2025, with the Paush Purnima Snan, and will conclude on February 26, 2025, coinciding with Maha Shivratri.","Maha Kumbh 2025 Date, Place, Events, Key Ritual and Cultural Significance: The Maha Kumbh Mela 2025 is scheduled to commence on January 13, 2025, with the Paush Purnima Snan, and will conclude on February 26, 2025, coinciding with Maha Shivratri.","The Maha Kumbh Mela 2025 is scheduled to commence on January 13, 2025, with the Paush Purnima Snan, and will conclude on February 26, 2025, coinciding with Maha Shivratri."
"CM Yogi unveils Mahakumbh logo, says no sale of meat & liquor within Prayagraj","November 14, 2024 4:00 pm","The CM also directed the officials to ensure the steel bridge is completed by the first week of December to facilitate an easy access to Prayagraj from Kanpur, Lucknow, Barabanki, and Ayodhya.","CM Yogi unveils Mahakumbh logo, says no sale of meat & liquor within Prayagraj. The CM also directed the officials to ensure the steel bridge is completed by the first week of December to facilitate an easy access to Prayagraj from Kanpur, Lucknow, Barabanki, and Ayodhya.","The CM also directed the officials to ensure the steel bridge is completed by the first week of December to facilitate an easy access to Prayagraj from Kanpur, Lucknow, Barabanki, and Ayodhya.","The CM also directed the officials to ensure the steel bridge is completed by the first week of December to facilitate an easy access to Prayagraj from Kanpur, Lucknow, Barabanki, and Ayodhya."
Govt developing AI chatbot to provide personalised help to Maha Kumbh visitors,"November 14, 2024 4:00 pm","The UP Development Systems Corporation Limited, which has been entrusted with the task, aims to complete development within 6 months","Govt developing AI chatbot to provide personalised help to Maha Kumbh visitors. The UP Development Systems Corporation Limited, which has been entrusted with the task, aims to complete development within 6 months","The UP Development Systems Corporation Limited, which has been entrusted with the task, aims to complete development within 6 months","AI chatbot to provide personalised help to Maha Kumbh visitors. The UP Development Systems Corporation Limited, which has been entrusted with the task, aims to complete development within 6 months."
Review meet ahead of Mahakumbh 2025,"November 14, 2024 4:00 pm","CM: Arrange 7,000 buses, set up 150,000 toilets for devotees.","Review meet ahead of Mahakumbh 2025. CM: Arrange 7,000 buses, set up 150,000 toilets for devotees.","CM: Arrange 7,000 buses, set up 150,000 toilets for devotees.","CM: Arrange 7,000 buses, set up 150,000 toilets for devotees. CM: Arrange 7,000 buses, set up 150,000 toilets for devotees."
"Tender for Prayagraj tent city with 2,000 beds to be floated today: Official","September 29, 2023 1:09 am","In 2025, different snans (holy baths), including six major snans, will take place during the 45-day event starting from January 13.","Tender for Prayagraj tent city with 2,000 beds to be floated today: Official. In 2025, different snans (holy baths), including six major snans, will take place during the 45-day event starting from January 13.","In 2025, different snans (holy baths), including six major snans, will take place during the 45-day event starting from January 13.","In 2025, different snans (holy baths), including six major snans, will take place during the 45-day event starting from January 13. In 2025, different snans (holy baths), including six major snans, will take place during the 45-day event starting from January 13."
"Maha Kumbh 2025: Govt inks MoU for 5,000 special accommodations","August 13, 2023 1:13 am","The Directorate of Tourism entered into a strategic Memorandum of Understanding (MoU) with Luzern Ventures Private Limited (OGA) on Friday, they said.","Maha Kumbh 2025: Govt inks MoU for 5,000 special accommodations. The Directorate of Tourism entered into a strategic Memorandum of Understanding (MoU) with Luzern Ventures Private Limited (OGA) on Friday, they said.","The Directorate of Tourism entered into a strategic Memorandum of Understanding (MoU) with Luzern Ventures Private Limited (OGA) on Friday, they said.","The Directorate of Tourism entered into a strategic Memorandum of Understanding (MoU) with Luzern Ventures Private Limited (OGA) on Friday, they said."
Happy with 'Mahakumbh' response: Gautam Rode,"December 29, 2014 7:30 pm","Actor Gautam Rode is happy with the response to his new show ""Mahakumbh- Ek Rahasaya Ek Kahani"".","Happy with 'Mahakumbh' response: Gautam Rode. Actor Gautam Rode is happy with the response to his new show ""Mahakumbh- Ek Rahasaya Ek Kahani"".","Actor Gautam Rode is happy with the response to his new show ""Mahakumbh- Ek Rahasaya Ek Kahani"".","Actor Gautam Rode is happy with the response to his new show ""Mahakumbh- Ek Rahasaya Ek Kahani"". ""Mahakumbh- Ek Rahasaya Ek Kahani"""
Ringing in the new,"December 12, 2014 1:00 am","After savouring the success of his immense popularity with Saraswatichandra, actor Gautam Rode has bagged a plum role in Mahakumbh on Life OK. With the show already creating a lot of buzz, the actor talks about his role, the loopholes in the television industry and his desire to become the precursor to the change that he wants to see in the medium","Ringing in the new. After savouring the success of his immense popularity with Saraswatichandra, actor Gautam Rode has bagged a plum role in Mahakumbh on Life OK. With the show already creating a lot of buzz, the actor talks about his role, the loopholes in the television industry and his desire to become the precursor to the change that he wants to see in the medium","After savouring the success of his immense popularity with Saraswatichandra, actor Gautam Rode has bagged a plum role in Mahakumbh on Life OK. With the show already creating a lot of buzz, the actor talks about his role, the loopholes in the television industry and his desire to become the precursor to the change that he wants to see in the medium","After savouring the success of his immense popularity with Saraswatichandra, actor Gautam Rode has bagged a plum role in Mahakumbh on Life OK. With the show already creating a lot of buzz, the actor talks about his role, the loopholes in the television industry and his desire to become the precursor to the change that he wants to see in the medium."
'Mahakumbh' is my most challenging TV show ever: Gautam Rode,"December 10, 2014 1:36 pm",Actor Gautam Rode says shooting his latest TV series 'Mahakumbh' is physically and mentally tasking.,'Mahakumbh' is my most challenging TV show ever: Gautam Rode. Actor Gautam Rode says shooting his latest TV series 'Mahakumbh' is physically and mentally tasking.,Actor Gautam Rode says shooting his latest TV series 'Mahakumbh' is physically and mentally tasking.,'Mahakumbh' is my most challenging TV show ever: Gautam Rode. Actor Gautam Rode says shooting his latest TV series 'Mahakumbh' is physically and mentally tasking.
Gautam Rode poses with Naga Sadhus for 'Mahakumbh',"November 10, 2014 6:27 pm","Gautam Rode showcases his muscular back inked with a huge tattoo as he stands amid a group of Naga Sadhus in the first look poster of his upcoming show ""Mahakumbh"".","Gautam Rode poses with Naga Sadhus for 'Mahakumbh'. Gautam Rode showcases his muscular back inked with a huge tattoo as he stands amid a group of Naga Sadhus in the first look poster of his upcoming show ""Mahakumbh"".","Gautam Rode showcases his muscular back inked with a huge tattoo as he stands amid a group of Naga Sadhus in the first look poster of his upcoming show ""Mahakumbh"".","Gautam Rode showcases his muscular back inked with a huge tattoo as he stands amid a group of Naga Sadhus in the first look poster of his upcoming show ""Mahakumbh""."
Silent Witnesses,"October 05, 2013 5:45 am","The photographs take a leap from photojournalism and is a haunting,poetic expression of his love for nature.","Silent Witnesses. The photographs take a leap from photojournalism and is a haunting,poetic expression of his love for nature.","The photographs take a leap from photojournalism and is a haunting,poetic expression of his love for nature.","The photographs take a leap from photojournalism and is a haunting,poetic expression of his love for nature. The photographs are a haunting,poetic expression of his love for nature."
130-yr-old documents reveal administrative history of Kumbh,"September 12, 2012 6:39 am",Archive plans exhibition during Mahakumbh.,130-yr-old documents reveal administrative history of Kumbh. Archive plans exhibition during Mahakumbh.,Archive plans exhibition during Mahakumbh.,Documents reveal administrative history of Kumbh. Archive plans exhibition during Mahakumbh. Archives plans exhibition during Mahakumbh.
"Shivpal on clean-up drive,warns PWD men over Mahakumbh","August 12, 2012 6:50 am","In denial mode after being quoted as telling officials that they could steal public money if they worked hard,state PWD minister Shivpal Yadav on Saturday said no official would be allowed to take commission or cut in executing works related to preparations for Mahakumbh,to be held in January-February 2013.","Shivpal on clean-up drive,warns PWD men over Mahakumbh. In denial mode after being quoted as telling officials that they could steal public money if they worked hard,state PWD minister Shivpal Yadav on Saturday said no official would be allowed to take commission or cut in executing works related to preparations for Mahakumbh,to be held in January-February 2013.","In denial mode after being quoted as telling officials that they could steal public money if they worked hard,state PWD minister Shivpal Yadav on Saturday said no official would be allowed to take commission or cut in executing works related to preparations for Mahakumbh,to be held in January-February 2013.","In denial mode after being quoted as telling officials that they could steal public money if they worked hard,state PWD minister Shivpal Yadav on Saturday said no official would allowed to take commission or cut in executing works related to preparations for Mahakumbh,to be held in January-February 2013."
"Probe reveals irregularities in Allahabad road repairs,cost to be recovered from contractors","July 31, 2012 3:52 am","Following detection of large-scale irregularities in filling up of roads dug up for laying sewer lines,the administration here has ordered that the cost of repairing them be recovered from the contractors responsible for the same.","Probe reveals irregularities in Allahabad road repairs,cost to be recovered from contractors. Following detection of large-scale irregularities in filling up of roads dug up for laying sewer lines,the administration here has ordered that the cost of repairing them be recovered from the contractors responsible for the same.","Following detection of large-scale irregularities in filling up of roads dug up for laying sewer lines,the administration here has ordered that the cost of repairing them be recovered from the contractors responsible for the same.","Following detection of large-scale irregularities in filling up of roads dug up for laying sewer lines,the administration here has ordered that the cost of repairing them be recovered from the contractors responsible for the same."
Mahakumbh: Depts asked to speed up work or face action,"July 15, 2012 4:48 am","Concerned over the slow progress of many projects related to Mahakumbh,particularly widening of roads in the city,the mela administration has asked all the departments to speed up their work or be prepared to face action.","Mahakumbh: Depts asked to speed up work or face action. Concerned over the slow progress of many projects related to Mahakumbh,particularly widening of roads in the city,the mela administration has asked all the departments to speed up their work or be prepared to face action.","Concerned over the slow progress of many projects related to Mahakumbh,particularly widening of roads in the city,the mela administration has asked all the departments to speed up their work or be prepared to face action.","Concerned over the slow progress of many projects related to Mahakumbh,particularly widening of roads in the city,the mela administration has asked all the departments to speed up their work or be prepared to face action."
"Feasibility doubtful,Qila Ghat may not be built for Mahakumbh","June 29, 2012 4:08 am",The chances of the Qila Ghat the most important ghat for the Mahakumbh next year getting to see the light of day has dimmed further with the mela administration doubtful about its technical feasibility.,"Feasibility doubtful,Qila Ghat may not be built for Mahakumbh. The chances of the Qila Ghat the most important ghat for the Mahakumbh next year getting to see the light of day has dimmed further with the mela administration doubtful about its technical feasibility.",The chances of the Qila Ghat the most important ghat for the Mahakumbh next year getting to see the light of day has dimmed further with the mela administration doubtful about its technical feasibility.,The chances of the Qila Ghat the most important ghat for the Mahakumbh next year getting to see the light of day has dimmed further with the mela administration doubtful about its technical feasibility.
"Mahakumbh: To woo clients,pandas digitising family tree records","June 15, 2012 3:01 am","Members of the Prayagwal community,popularly known as pandas,here are gradually taking to computerising the records of family trees in a bid to cater to their yajman better during the Mahakumbh.","Mahakumbh: To woo clients,pandas digitising family tree records. Members of the Prayagwal community,popularly known as pandas,here are gradually taking to computerising the records of family trees in a bid to cater to their yajman better during the Mahakumbh.","Members of the Prayagwal community,popularly known as pandas,here are gradually taking to computerising the records of family trees in a bid to cater to their yajman better during the Mahakumbh.","Members of the Prayagwal community,popularly known as pandas,here are gradually taking to computerising the records of family trees in a bid to cater to their yajman better during the Mahakumbh."
Work on ghat for Mahakumbh stopped after Army objects,"June 14, 2012 6:11 am",Work on one of the most important ghats coming up in the Sangam area on the bank of the Yamuna for the Mahakumbh has been stopped following objections from the army.,Work on ghat for Mahakumbh stopped after Army objects. Work on one of the most important ghats coming up in the Sangam area on the bank of the Yamuna for the Mahakumbh has been stopped following objections from the army.,Work on one of the most important ghats coming up in the Sangam area on the bank of the Yamuna for the Mahakumbh has been stopped following objections from the army.,Work on one of the most important ghats coming up in the Sangam area on the bank of the Yamuna for the Mahakumbh has been stopped following objections from the army.
Azam promises high-quality arrangements for Mahakumbh,"April 15, 2012 4:02 am",Urban Development Minister Azam Khan on Saturday said that arrangements for the Mahakumbh in January 2013 would be of high quality and would be ready on time.,Azam promises high-quality arrangements for Mahakumbh. Urban Development Minister Azam Khan on Saturday said that arrangements for the Mahakumbh in January 2013 would be of high quality and would be ready on time.,Urban Development Minister Azam Khan on Saturday said that arrangements for the Mahakumbh in January 2013 would be of high quality and would be ready on time.,Urban Development Minister Azam Khan on Saturday said that arrangements for the Mahakumbh in January 2013 would be of high quality and would be ready on time. 'The Mahakumbh in January 2013 would be of high quality and would be ready on time.
Got support from PM for Kumbh: Nishank,"January 12, 2010 3:28 am",Uttarakhand Chief Minister Ramesh Pokhriyal Nishank has credited the Centre-State cooperation for the preparations of the upcoming...,Got support from PM for Kumbh: Nishank. Uttarakhand Chief Minister Ramesh Pokhriyal Nishank has credited the Centre-State cooperation for the preparations of the upcoming...,Uttarakhand Chief Minister Ramesh Pokhriyal Nishank has credited the Centre-State cooperation for the preparations of the upcoming...,Got support from PM for Kumbh: Nishank. Uttarakhand Chief Minister Ramesh Pokhriyal Nishank has credited the Centre-State cooperation for the preparations...
